1,56.6502635507722,47.227944336844,2979.47142496669
2,73.0425486736115,-52.1734853236144,3569.06875292443
3,-67.1423730671689,178.921177778393,970.413545118679
4,74.4076541050235,-99.2982603660742,518.387903350161
5,23.8246643205737,54.8823862687014,900.271528511653
6,-72.4427271001063,37.7966310869734,1400.05567600306
7,-39.8703206039313,-40.5916446660714,1148.3384525847
8,8.43867345689709,-128.812622655419,3709.95202871771
9,82.3512303781736,-170.951405144327,205.255027267182
10,83.6799363358698,-28.3995886445131,2370.66702082555
11,-61.6296452980413,-113.723895806096,651.595600870929
12,84.7067007169108,81.2790962890031,3353.62307869212
13,82.2900506837302,-46.6694328545287,670.243720845083
14,-2.63238322988857,122.961631488554,2008.80246163789
15,54.050484399984,84.3226888295927,3997.31791610288
16,-64.4604590471012,25.5693142167764,1421.62860507153
17,-14.0829691272705,-116.332179254891,188.310838195336
18,74.8323945340321,164.65824813446,854.642340483196
19,52.5973193207198,-84.4840669705488,1591.35649641082
20,82.7086367507225,152.849122286256,1334.67272152118
21,28.0333258481856,-99.4426543090652,918.41012787279
22,-83.5718978566459,-45.5170292486478,3744.48071000827
23,62.8432750563799,-148.499874152429,2732.75513879993
24,78.1187845963591,50.4419573688174,3848.45518289145
25,32.1723278743992,-114.977920408881,1751.89271053119
26,46.3932235041,-163.781601309513,3761.34661768363
27,43.7638442624849,80.3424525059143,23.3372982894835
28,-19.3991364838497,-54.9224475905555,2441.2281202795
29,27.9860202319602,57.8220568210454,3204.30302786448
30,-59.1863961939189,-41.8073036140903,931.926133654592
31,37.0882958435296,45.8447408796481,3729.87470368391
32,-84.2700876520643,-172.20606673309,3053.05110133497
33,-40.1538627070398,147.80519586829,3305.79815881073
34,-81.6891496863923,108.201116260372,2293.85435441946
35,-72.5162793775474,88.5050943633796,3170.3266564809
36,58.2224090989127,112.720612899874,1316.16478335699
37,35.0691521356471,-42.0097252948095,893.84790450341
38,-32.9220935890451,42.2205236339217,1249.54536807701
39,81.0399687909039,27.178149493013,2338.09391411422
40,-83.7997055094764,10.8186137154056,3319.65656408609
41,-11.0260152618483,-80.9748879041034,1161.84996618907
42,-21.3194777232585,-90.4935745216906,1610.21756825249
43,47.7930218668204,-17.4100426372898,3448.22919373258
44,53.1359822046714,-98.0233826304429,2458.9582008656
45,-56.3629311802119,109.601850100705,3964.75115331917
46,-1.84240875811841,174.997527082549,814.795500742489
47,-9.79448387203809,-169.20289790302,3308.83633978662
48,26.3363418200276,12.8391086402056,2703.4464758111
49,37.6856695544531,-148.652200835679,995.797880159232
50,45.843602756825,108.752918600089,1903.14250627813
51,-40.3154861402559,176.092167492122,1596.30090690717
52,32.3464818336615,-155.89934697681,2397.75299636565
53,27.9176407152913,158.183410278433,3202.0910632154
54,-60.7298876649665,-173.45608789079,420.275085164683
55,-68.5804173194922,66.1819009486879,3285.76877650557
56,-0.294470643214268,102.145132829959,3364.34532018169
57,82.7539125328946,12.2895244377822,1418.02497760176
58,-28.730569200096,138.729402335211,1720.27785046333
59,15.3481951763599,143.64176360621,2288.95687365074
60,-49.7138508915953,45.3375453889785,2803.29892308495
61,45.2280706750175,-130.367162731479,2969.87902794912
62,-44.0828792173316,-101.591426263635,3031.53660248314
63,1.07226929972563,-114.429212679444,1556.51505427691
64,35.8338100782035,-164.944848969736,1717.20993999935
65,70.3625854564437,-141.501002921925,3825.37863000263
66,82.67245653698,41.9196546308467,2291.88546908194
67,8.49879539348456,158.277963657984,3398.88821687469
68,-65.0476002908377,-52.3959368517616,1105.38126519289
69,-63.1270789993697,-32.173527578575,2489.2944606098
70,-43.6485142577274,174.365790114403,2353.44673845416
71,61.3291060770593,160.408508052695,3853.87386322797
72,-44.2292077851244,63.5920842360741,343.610779869004
73,56.571268692387,175.788814432783,2001.9955664158
74,-46.1655056295019,96.0592993979739,2086.35870599222
75,77.267452173701,-58.7882648190686,360.664008675854
76,-27.0029221227344,58.4574697438132,3618.6659187605
77,-54.6128549223825,-92.1004967554995,3537.55575403944
78,-44.8049055643144,-73.6173897006252,1755.95866722236
79,20.888041706395,64.8642136429808,3126.89045166867
80,-4.80800719750873,10.0248589507672,593.860091773634
81,-26.7012887286606,-31.8263351732876,2479.26370904348
82,59.5491530213324,36.949758493103,1042.49471757768
83,15.3475364074904,90.1872201325448,1782.6248457583
84,8.95024949240512,30.0719427343051,3375.99804589974
85,75.0948594893658,18.6453053769483,784.819674925008
86,-38.5489766123328,30.0854227527772,1215.40649111061
87,46.2960412399298,4.25517118505107,1933.17827093714
88,45.6712369701292,-150.266618280468,1351.24817548409
89,-21.5197475444358,79.0452485494163,3193.9433180862
90,12.2078953305398,178.616200066873,3949.95030075741
91,-76.3462278786485,-52.3676502155081,636.190218889578
92,-80.2889786400107,169.653173466026,947.519132904219
93,5.54355954161508,-55.2784459318705,2808.94653067156
94,50.250101418362,139.15579023371,1501.88665079019
95,78.1219231612529,-16.3098486029132,3894.81961069994
96,-66.6168824747286,-31.1661759525065,3889.22222275383
97,12.3882589569947,-101.616455391372,2574.79219768562
98,-5.50968460952295,-134.764348549455,3440.39550741664
99,-87.8576274897765,-68.7907463159465,1607.53359203234
100,-29.3179240082013,81.3975953993395,2527.72319190983
101,-60.8071845252163,101.833946272484,3940.94655765932
102,52.9712173231032,69.763541395283,2237.9096239491
103,-33.9812924319351,-176.471189185298,3734.36766336884
104,5.13596439111829,123.556801683783,2881.37282400299
105,-60.1832286900394,152.039519206659,1936.15406724937
106,18.3567494522946,97.5435194426128,2556.12437072492
107,-42.665168782774,-164.642451863382,3550.54746355842
108,27.7342377258208,-43.8529906619212,794.947000395685
109,34.0586105652014,73.5622648140123,1581.46509582084
110,44.6672867082677,82.6246963816729,3968.70120998122
111,-8.9025122695504,-99.2602545607748,1609.40646774379
112,-74.9121519605521,-83.1402965615886,2635.42592429172
113,-48.7841456309726,62.2912194014828,3605.39249213805
114,74.4007250703005,-8.10280881832995,3981.52710607154
115,-62.5719565855399,44.5379085602793,2612.65312437876
116,58.6470559481185,-94.8798242492723,433.745711422059
117,6.90163834681027,-116.235448380606,144.456123181424
118,89.3042489928394,118.67161885113,2472.36495618789
119,-75.9284048244269,96.0918004566954,2268.57744759198
120,-10.3179114404197,156.412178322577,3847.8586312213
121,-70.8025013674948,-141.159994169629,2984.42187767555
122,83.1416545539097,-114.39809798362,2650.06439374033
123,-89.1658396558679,-144.325698327915,2093.25327364804
124,49.4838836480704,-3.68503130755911,1039.57712593759
125,57.1145797176179,-110.431681031207,3847.97506766469
126,66.3650469654317,142.520966565325,2160.81615005408
127,-74.8015478080361,-144.327726114547,121.080653679075
128,-18.0391231621986,-164.100394165442,2785.25785364451
129,-43.2233274868822,20.6262560897143,2078.86463168351
130,54.0123264403753,98.0982241875446,236.122222657936
131,-12.345511056562,-67.7015793013432,3560.14493291285
132,73.9165669973141,-115.566307446839,1320.80897005608
133,-57.2675349054865,-57.9759558308214,918.804791484478
134,-42.5154750260418,-104.347570664321,455.794567980757
135,-63.8029835307509,3.65490711549009,1243.69085381442
136,-65.5076594324405,146.291156375477,913.72928854295
137,66.4725973752161,46.4126179148344,2607.98866886801
138,14.3468257258026,-143.447800027568,264.640498393307
139,8.97483633053976,-39.2922890185123,1101.72551944367
140,-63.9081363197292,-160.338018519483,1127.28095024347
141,63.5456011899409,0.461848753157511,3520.26503890423
142,21.9699236673119,-24.580378121671,1777.32143479694
143,-26.8285714393912,179.121725824388,3023.65648363184
144,2.38491717606961,112.176929158316,2413.18550326139
145,-17.6745539246505,-5.16539883671365,3133.06374961615
146,-76.3259954956485,142.001192004262,455.722554713704
147,-46.8150923603416,-130.483225883857,3914.25554063991
148,-67.8025917296702,-39.5982307996973,3394.3867019182
149,-56.896598109165,153.848240999325,202.585990682174
150,-46.8085453803175,150.297779669802,1864.80733516254
151,-14.8919275648135,76.8866441739537,1302.61309979213
152,-81.0622025413664,42.6014581038984,2520.820499999
153,72.4888997847506,-56.4163595131157,921.196655110695
154,80.0616941498963,156.969837608317,2319.53989312516
155,-1.64446335574561,-135.081345362223,2412.62528175959
156,-1.9345250879966,83.0107301420546,2399.51638333143
157,-29.2105062321521,52.731875673293,1793.71152153566
158,72.0096923551791,119.934714840946,141.693842731154
159,-23.5355793983613,-36.6183978412408,2055.25934015311
160,-69.9835040471183,89.935995369829,1630.92064709055
161,50.4453722978048,120.679383772127,432.184146462236
162,-19.8470093469744,-63.9142569495866,1839.50251576926
163,-46.4955685355101,18.8141820690078,1803.53101470332
164,-17.2958137941393,172.486487676201,2204.56134321768
165,-72.6381854696901,17.751071886589,3221.61726803199
166,-66.2448073308597,-61.047500541623,2803.40029114424
167,79.5691063395873,43.0097598640008,3488.94201568639
168,82.1042172413644,-50.170834439207,208.768609715604
169,13.5375471141238,92.3434356607,878.725245621384
170,-79.2396822695119,-30.9957304715317,1838.56804044547
171,-47.7396155929669,-2.75576242142242,3834.13438451604
172,-26.4314571800272,70.1075639277396,3160.18142791775
173,57.8149272356326,170.184198628722,1807.49843617
174,-87.2273812227201,-62.0082142223736,1333.71274584347
175,-82.2557157015946,121.609145908287,236.381250720322
176,-59.5817946967132,86.0660018184701,2963.62121157435
177,26.8407854921614,163.502804296636,2027.17809622201
178,41.7100294185607,-168.507853378568,799.701652557419
179,26.5942733645352,-51.5271649742849,1708.77420440515
180,-8.83373284242991,58.5553803433972,674.761114849085
181,8.4616006115421,-78.6594387065434,3006.77836341875
182,-36.6622549906008,-97.0620957657131,1473.4033665152
183,44.0447052733481,76.0062784249171,3767.27118095954
184,-55.988097294142,44.8462501175911,68.6901636428692
185,33.6195780057567,32.6191150510689,3316.2236351152
186,-56.9679919672914,57.7576678725367,2506.3638998211
187,-23.6727726317394,-162.880317679008,2154.98606062888
188,22.6113409313443,-54.4374689363788,2602.03054152024
189,50.4409383272478,-17.5173910719325,2906.51812922606
190,-75.3973616041586,-93.2742010367601,377.954255682314
191,77.2894747743714,77.4162047866236,3510.29573723064
192,49.6282821495124,128.225625122264,57.4485757839431
193,-2.37750616742898,-78.6572297573208,1177.21050738495
194,-11.5454540554346,83.1782987005469,719.659514016961
195,-9.57892510263487,-130.405358692974,3705.1770727918
196,-34.8570950370197,121.220201429898,272.721747308138
197,1.53155796860285,-130.10338233275,2324.37291031397
198,1.93888155097974,31.7553787402177,2548.6048901009
199,57.1729874980072,-48.1835518362224,2605.07705905977
200,53.0696550390215,110.433436077998,3458.48805013421
201,25.9772634348645,1.36108287941613,223.810117628084
202,-21.8503111211517,-3.74603805959248,3267.4206950954
203,56.0844824908459,135.737540418616,2115.68986531371
204,5.90860598390188,-52.868947341976,2777.40224248977
205,-26.869121356161,-18.2003196341706,849.619585127336
206,79.0202811599796,166.870903263634,2173.1197849994
207,67.6697060687371,-164.772792750765,2810.08108861386
208,9.028141721716,170.265000290629,3825.73822904188
209,22.0455154802209,-111.885536475945,1778.16865149389
210,15.668046815655,60.163308014427,341.59132325058
211,-52.6063873080549,31.1182612844104,229.36059016503
212,-35.7756605496917,63.0404699058415,2517.80194439792
213,-5.23379726683368,-50.0320622899221,3184.71626599383
214,-48.5121311619195,43.3002337455908,2764.76533143257
215,61.97558268517,112.014318636103,1381.23144886066
216,-54.9424278779311,-173.067308130909,3787.26666864638
217,-49.3340794249682,-149.805537018156,2080.76127284591
218,-59.2725515133855,170.928600186561,3815.25210079171
219,-49.0204263930204,54.4858316695272,294.3825432328
220,-11.5742368612982,-96.7543861808332,828.127792292296
221,-34.0015884029257,-34.7431884751476,3100.11125592787
222,76.2083355785839,-136.072613429233,3656.75128497509
223,-12.5626695606749,-83.3620242969781,3130.2025908412
224,-56.7330623776555,-87.1753787594623,1182.1367846595
225,72.8785743623807,-60.6005140526534,607.382889257938
226,86.3547081040953,-125.195755369339,3391.64208925513
227,-11.0034048373014,-54.7172425021992,3139.4183643726
228,-69.9985397806922,-136.202956449219,1083.32600860527
229,-43.5483547358279,138.295100789878,911.242819264535
230,-16.4304276997406,-146.059779576907,1284.0928683558
231,17.0812933215506,154.814625398696,3318.24721759667
232,-42.8018853994478,-36.35281114756,3288.7287784039
233,18.5117560887749,-162.935473669506,2282.73140192751
234,38.0188404780629,-56.7455388621337,2287.31854491539
235,-50.0855878768968,84.9478171968591,1144.07308999752
236,-68.8648228459549,106.08557664017,2796.53423720484
237,-36.5983428207012,16.1661233680817,3185.03177312631
238,-32.6199056533412,67.0404466742547,1766.35622460489
239,-13.6499832515147,141.707770536097,1784.86244676489
240,1.41449123900126,-160.274955628896,1862.64963346044
241,-74.6071565237921,-70.6819033018743,1116.15674909846
242,-42.7531977543001,-163.371039720643,2701.50127366638
243,54.182632098553,-109.628365091833,3614.65810545416
244,-84.7403500388137,79.2596889059492,3634.1035953935
245,77.193745106048,79.8311784597468,2988.78777652285
246,41.4595553139815,136.00766561455,1042.04602833418
247,-2.05038471535575,29.6758672154677,2758.55136029644
248,14.134510984219,-154.553639260806,527.32266190205
249,-47.2889556411261,152.188045268073,494.003329279202
250,-7.4072109276124,108.133953246399,763.611412977965
251,83.3559370716443,-77.0591316886692,582.928397985166
252,8.42502937301424,15.7187638228903,2340.17446107486
253,3.80444954472027,174.519445309419,293.446760321867
254,-48.3130103924657,77.6441041655838,3289.30488874122
255,-1.99840609436995,122.0290550388,2891.61189307386
256,22.3308158712641,-24.0261980371386,3703.43215206994
257,32.2443973558346,-10.5751023816453,1970.55439384712
258,-18.8072611796533,21.8568279760402,2619.53159379867
259,-23.8614032619942,-83.1270443288409,3560.49391184675
260,87.8367605690939,89.6466483511006,2154.10229787608
261,-83.2070040768806,1.39959844577589,1128.82065823289
262,69.3302414764456,52.851479858201,3903.83007151986
263,74.391628975063,-69.2115904688613,145.70206210192
264,53.3130972453382,-130.059131011868,1304.97829224125
265,-72.2317898419966,-8.79374383287734,3892.05449557128
266,-42.8631869032711,-49.5146589052514,1460.13050122299
267,-29.6357688066966,103.720834223477,1236.59847558367
268,32.3510312479208,100.906495503879,483.649538322513
269,-65.4204352760335,60.6643971312762,3663.06281616316
270,39.8209497447132,-131.938610521928,541.912822726008
271,-70.7828649106965,-172.239880606741,1328.47156731336
272,27.6763227603407,21.5426541141035,3589.91956959954
273,-1.04869140493138,-71.7051534949839,1998.59511138909
274,50.2293101816295,158.187496994445,2461.15296886023
275,38.7066741121249,173.125308976869,2332.53187235459
276,72.6697009001369,-76.8166599980666,2793.01570650966
277,70.3660507795421,108.295303302552,117.329371017448
278,-29.8506505072507,142.600086515737,2111.53075095459
279,35.774249820263,35.1095676544187,128.291385679942
280,-54.3942311965328,138.246024860575,3308.56929134526
281,-84.5026296651654,159.743354830485,1359.94482592867
282,43.9333668661432,17.696911471165,3386.84383552212
283,0.00403840623616247,82.2192568539684,984.278268424394
284,-3.61401459370911,27.6329872288835,2325.96500947253
285,72.8500028521253,-170.69131041007,3750.7075162991
286,19.7759967160605,-19.2488478174668,191.149169540265
287,21.1799501259218,52.668704646236,215.910636680954
288,64.6996150163182,7.63306296207057,82.4721364799634
289,54.9880964153434,-45.9674421193756,2725.91405678485
290,13.8098728106433,157.368479882962,2394.51410653294
291,-57.0739555053155,118.631816829545,456.120138062623
292,-46.8122380976309,125.670772783604,3184.98140290338
293,69.5721479536982,-45.8876736361658,2471.40234855712
294,-84.8386525564609,33.5464470786565,280.854095947833
295,-1.81775006779971,134.118923273121,277.115890272005
296,-59.7731137771938,156.060579062558,544.029554480359
297,86.1625169354086,60.6471387700952,3155.56527862804
298,38.2850049022045,-105.560475143362,369.593831695318
299,0.0848923478717438,55.3862131425317,951.475168029226
300,-5.20409258245093,-154.061441560566,974.591650467139
301,-79.2686038356649,-33.578310567829,419.288850635579
302,32.7549427468314,60.0953519546995,3433.41104091503
303,-82.3623952498665,156.141237436535,2792.79906471827
304,-77.1398163718844,111.942011605775,2934.96853305312
305,3.89697164357106,-5.56262213940346,2602.12249781965
306,-72.5885953594439,92.4297156235844,2065.08226309652
307,57.2667396947325,-29.8629166526039,1305.55254035553
308,57.1584765742715,169.842957476146,2647.10478711401
309,40.0391266260316,175.670892443099,470.261938487025
310,-63.024220353966,131.093110451233,591.269656726425
311,28.7289455234953,-40.0018406715257,79.0586549152681
312,3.34708965189687,-16.2929419059197,3857.16692119824
313,85.1354198574953,-91.1926088502915,3881.49160805325
314,26.8184686882241,102.392313488704,495.442028587279
315,54.0595035634323,137.821538009899,1869.64010709784
316,-8.3164124291545,148.936205265487,2626.77601321789
317,-12.1695293189769,20.982572504019,1160.74226653147
318,58.5564831723682,35.5925169886339,3018.14655886518
319,-74.9754333253955,-126.404380678482,2232.47220543589
320,-66.0292186307109,143.896854432866,1711.17038219382
321,-58.790049638579,-17.8583109652384,1068.7762290968
322,-19.6311955817276,-105.957957792973,3014.94429653225
323,59.6483537110325,143.874356583269,3593.50530002252
324,54.6055904884392,94.5307941743617,2913.77613583114
325,-79.1151877494191,137.695070664107,1627.32053861795
326,-18.1336012895564,-77.4179215110643,3753.26336101479
327,4.83764949149327,62.3613551228128,1021.70981975121
328,-14.9760957724584,59.1407655904983,2132.65296243529
329,28.2347803752673,-135.786602196171,3819.01948150548
330,23.0352046542188,-33.3653676995474,1070.99014576038
331,-37.4428656068913,-80.8966975263516,1000.33848235836
332,-12.3027893552304,78.001106630091,3710.69088095739
333,-87.2123173855166,-77.9816226135829,274.329394221823
334,87.1314703882477,142.631588465818,1197.60154624346
335,-59.9096862153619,117.568401232882,2366.33413662547
336,-70.8810579128405,-39.5904553869608,813.196581425345
337,-22.9662467900034,-0.754940532892817,2543.53279554755
338,-54.3386875422646,70.1298693620978,3193.48103132103
339,-1.8562251571157,120.372840395978,2006.80420945687
340,-28.8911855896636,39.4666882832637,2603.24854379657
341,81.2934836599908,26.9053779083069,3183.81994222451
342,75.6597671705815,-62.6248184677951,933.495072286269
343,-80.5181404174573,-15.6871436933711,2403.35575373917
344,42.8144571930594,76.9664099639284,449.849513533146
345,-41.5585032482599,138.385816299358,2063.06261278366
346,-13.8895892984146,79.5080414940953,3351.36276348094
347,8.61676221867205,-173.299401098501,3683.16043199482
348,79.6926571698482,62.9195281661829,1992.91171782142
349,-14.8060612230008,-22.1368232748554,1110.44448905755
350,86.9494439645741,-22.3847355001428,2610.07984299318
351,-35.7381092318282,-137.866744977963,3669.19521520267
352,36.1977760621667,113.28540822669,2039.35781405894
353,29.9409932851966,-63.0520420930168,3896.76593521039
354,7.0427637077142,-91.3578788755291,789.115768389256
355,35.6589936324555,-56.6232403956194,444.739935155734
356,29.9750244124656,-44.7508295965482,1189.41717347449
357,-57.9361582079392,16.7593655098652,1585.67414224691
358,-66.9574080503689,22.2912555357516,1683.02273339397
359,89.8344710570449,-37.5039976953597,1245.90143060181
360,-59.1982080558422,-36.6728833687191,2775.3726837289
361,-84.1318523045049,5.53219891616604,367.487333085998
362,11.0159626877388,56.710995154528,1608.35447614819
363,68.7359700813258,162.329471375385,1180.72321611985
364,30.4515548161909,80.0454651578992,1225.98711610552
365,-55.7220119076083,-35.9712916695585,422.244522941099
366,-23.5950217084989,119.473682158732,2375.31041825707
367,-7.06933129312591,-131.638196977665,1130.91006497903
368,86.6948311747349,-158.231962101662,620.886483758001
369,-61.8471085992186,-149.671061166723,2.63467034444931
370,63.994105052264,-120.996605401305,1134.38166831353
371,26.0576166366158,-63.2808286941424,2203.2434999184
372,-22.2710021498103,-71.3783602063271,3483.60876601474
373,-55.6337348574655,-175.794843193078,169.013701329971
374,-12.9144612637105,14.3658337858651,3618.88792586531
375,-3.23602901426587,-145.665830653984,523.896345460666
376,-68.2899096065108,-127.254651680797,3334.91579249226
377,16.1113472451106,47.2108345253838,3201.87349959625
378,-49.2862176445184,129.355348114363,3671.52036799456
379,-20.768557613506,170.719787245937,549.214633783508
380,14.9375488945813,25.501833889986,2018.92927022979
381,-44.6748979549837,178.866077246981,1619.83392046919
382,-37.7206804301437,19.2749664583917,694.288646138869
383,21.0763591907802,5.5650437425173,2300.73444987141
384,-42.2494362341947,-60.9544562435039,2424.87173029113
385,58.3877280039903,-25.1993525783773,857.782961663913
386,86.879411949951,-2.9497487026519,2079.72902022575
387,41.4447826081676,-154.426649791337,3956.74323855755
388,-28.102139259303,139.586117591778,1959.66064965358
389,15.1324799901214,-156.731907221687,2779.49284474833
390,-70.6015772561262,-22.9734159366786,1645.68730955106
391,73.1354671169519,117.586622382801,139.106960398987
392,68.3376704067429,-37.9675136761079,1171.32622387414
393,57.1969006867155,40.8509574138943,3205.76695111014
394,-43.0689601700164,114.710664629595,1386.00796225231
395,16.9841251195795,139.044614062538,333.263779295489
396,-85.9477333067583,155.200185895399,2044.42548377144
397,-13.4533223614557,-111.317526716716,1467.33363140915
398,-33.7106003722892,-86.910389489242,2957.91801954995
399,-60.932746023885,143.231646542508,2098.96065576798
400,-57.8220863845737,33.6102697389992,3218.08350983492
401,-13.8805759619848,1.38242946486525,3267.64471619813
402,-73.0387190002078,40.6114519808013,757.885926741756
403,17.7342603762134,114.992007203475,494.773827457453
404,-5.23363385549987,11.4801010174533,3283.98591596409
405,35.2708763942894,-107.252965242565,2551.59048004574
406,35.9798129870925,-16.5983523550121,64.4792075288607
407,24.9355364889308,-25.9520688647385,3583.81851055893
408,-83.9513095080427,167.77898986032,2061.50022847992
409,-77.6149021587508,43.2198194880505,2178.08775338499
410,-32.4720476675107,70.3403826904813,2425.76883299411
411,5.55557052494277,79.2592603264726,3041.74487136072
412,27.8002273962719,-55.1177314964591,3421.3874875076
413,-16.6285445325925,6.11655138911166,1531.47379332705
414,57.5966201007493,20.4100675243567,338.596754468901
415,39.3046097770591,-123.661721118944,2935.49319512509
416,84.3568794415969,22.3401764022389,1327.95733049772
417,5.6401031818214,70.1291840790443,3358.99813949858
418,-31.4737772722992,-26.4760071443145,1486.89323206623
419,-70.986743400776,121.057351443473,3312.86108013452
420,19.9725585743161,83.2993438182959,706.074515846241
421,50.1844035283366,-50.3888248491222,518.079444138667
422,-13.7784745867071,-16.4835461327765,3519.53432967151
423,-73.6518085582609,-40.899636506818,176.316513870786
424,-42.035131659767,99.1996712101928,2746.88007392321
425,-62.3417908335648,84.3375980469382,2935.09161973437
426,-39.4190455439032,-25.099975773304,1748.68974897863
427,-10.7846749796903,69.7509266882088,1519.35566763051
428,4.8856935169174,160.276855380646,3918.6297593863
429,-7.66361417621869,102.323735363427,1595.97369044652
430,67.5668877487533,74.0058689271848,1760.74765707747
431,3.24937950499874,-140.639673771236,627.231550177582
432,79.8520724187098,-39.6249634236654,1304.13713626568
433,24.7876376529913,32.7257029459211,1256.24771469386
434,82.384909171485,-14.6231827321229,3578.00265561702
435,-46.6727336135712,-161.877604773977,988.096717056159
436,31.7020146954753,-97.6724697527205,1242.7160636506
437,-37.9683770985942,120.308061980484,1635.47563216868
438,30.9254697745587,-174.36791062925,2832.04357625621
439,35.1252899193127,130.935911420112,574.55038023797
440,-77.7613016753981,-151.895140908324,3485.28826629209
441,-44.137771812539,60.8553324293599,332.62358701384
442,-49.6727944516406,0.0760767411968573,1846.95135347253
443,30.209890862469,-101.522232449945,121.556094644605
444,61.9905881748968,25.7816611454721,3012.80213083542
445,-27.9967659658124,-136.011905667569,2800.17067811848
446,50.4935374916444,61.6198438759151,858.048984655964
447,31.5597718344599,35.850797324213,2719.61874209367
448,-88.7912434226741,-159.848583340395,2229.17072275971
449,18.3906877647231,-159.716513324392,3402.71561036041
450,-20.3811849862228,-125.099770679111,2234.26196721154
451,74.8784239436565,-172.93641596439,3607.09465619025
452,-89.7928097167607,-23.3368035490973,1678.07081605274
453,-6.75915133638084,119.599731101814,1432.51341115615
454,-13.6171728332325,42.2604617234703,1955.95006951795
455,-7.03505411478648,7.24658951186711,1023.84856400876
456,48.6287511495497,130.9925602561,3716.67707596959
457,-31.9550747063799,-144.82874946188,1867.02725684174
458,51.2530730569335,146.898793147237,1016.03140222778
459,-5.15571233208991,-141.113990110767,1724.8737891123
460,-83.5627080115588,6.11883291490017,2810.12004500937
461,-58.3426051769644,-128.463832049913,1609.31947194641
462,39.9164460103984,21.3734060650814,727.360314662753
463,-4.77252126624234,-178.351335378964,3425.00446458673
464,-62.5101839211183,96.0055195037355,2336.80489814639
465,-28.5975707311603,125.535321524982,1494.31513071959
466,19.3300584783025,150.055657291346,886.778187073591
467,-55.4858540168764,175.308578922117,875.976470847335
468,42.9168311958495,1.84791664757611,2088.929772102
469,-46.2870723027296,-82.2882152096946,1733.69085395105
470,75.1363815688888,-143.729815708355,2965.21595319421
471,-41.5689143965167,2.82557909863317,281.798529313646
472,47.7900029918589,30.8192852526762,3389.33374558873
473,-56.0408441775316,94.6393545278667,2719.52093823163
474,-38.2503288480964,-150.133446320204,546.606087594319
475,-73.5995765364237,58.1746295097771,3433.60875431475
476,13.7176885193413,6.11244529423672,799.3364986683
477,33.0053837930376,-118.422713690839,2429.35968705685
478,8.38676062625809,157.880831159463,2172.17993461755
479,-13.3688084631862,32.5739437713258,649.298768130013
480,25.9997006576406,-21.3715149260975,22.6122725073821
481,26.5711734310832,159.090814912062,3085.94058866164
482,32.2230157367763,56.1289752925709,3059.15022502136
483,24.4416078925351,-17.2995446662611,1684.27740944753
484,80.1313403596922,122.291071459081,227.25272389453
485,-52.3917139633159,11.7444608907647,2342.98798093691
486,37.6707064878981,19.399343684859,696.620977736125
487,-47.4784961411166,64.8235908300098,2914.44264226524
488,-68.508675396485,-47.8116340857477,2137.16419976412
489,19.3147093234142,-93.8553817703237,1012.25715100565
490,-8.97521454613872,28.4124572852737,3668.22699314234
491,-7.42941114320379,132.079339682103,3032.77811886166
492,29.1500553430173,-33.5603663225188,3548.12292891205
493,48.6513926646588,-139.458549230983,275.192684414867
494,-26.9607575806011,-20.2154987782954,734.11278211136
495,29.1617277046442,-71.933615562996,2948.29061834636
496,-15.0914538054366,-35.5007326267826,2786.85941059889
497,61.5472474844356,120.010882843128,3107.97162282412
498,59.9250274335388,-34.6936814015014,2007.61367661497
499,-43.8406213987535,-39.5366622729816,1701.98731201051
500,20.4229326263175,-50.2383983835799,2444.94852309721
501,14.8048496149009,-129.508070663,3423.08756544695
502,7.33308068239374,-86.3531301195216,2683.18843592089
503,66.5893858244413,-148.7465636883,2094.36817884464
504,-42.3397752343866,-25.4169586491101,1195.26164042809
505,-32.7466664134094,-87.3781974828504,2815.87631460478
506,-68.5413826102456,-72.8800617055974,1526.44350395553
507,79.1693046620857,-27.0509717863347,2270.73999120595
508,26.1993374950542,-137.085386608337,3551.44382124491
509,-3.69661950920019,-1.77590743183472,3371.79715598115
510,25.0770529872195,74.3066019135218,3595.19422332876
511,8.04889989481731,-92.3135858348577,3756.01236578622
512,26.516066452763,102.625229496242,3261.74062375499
513,7.89946811993502,-153.327752330066,5.43131514412432
514,39.7883917043661,-38.2019662865892,12.3627902298606
515,4.04915503987839,-178.778115732849,349.875265275006
516,88.8668323417534,-100.556318904111,1042.90940481728
517,-50.6382061680659,-179.531795267785,91.1946825637337
518,-70.9563108149589,-111.895318441895,1696.33927522352
519,-70.2544563858251,-128.70574026445,1364.25987563692
520,-78.553553224481,-83.4926403155847,2165.41573323082
521,-17.1756007456273,-117.038856479118,3704.67633033229
522,-9.29287582803084,-130.086370226666,1193.99778823696
523,-24.1530881691292,35.5988197324314,1352.33917540513
524,47.4308353527864,144.380846045781,3437.92042882716
525,23.0213483305504,158.176715718326,1361.91324306173
526,48.9564693997641,-100.373595861932,552.481612200346
527,77.9136426501875,-6.23830485729104,2031.19582141041
528,85.0933537205425,-44.6359982670884,3426.62590756676
529,-55.4348971030005,8.56081330771303,1537.25447153045
530,-65.002643490752,-84.6458663225077,2782.76370731508
531,35.3279406749391,-155.391400630501,2511.61671116219
532,-73.1123951805242,-22.922252107163,1801.5526174077
533,4.57279269468043,-117.4129065486,1894.47176839554
534,5.46195931071541,-170.601441064234,3798.82541401413
535,65.0051660507998,163.684178668962,333.990247157323
536,-2.72639996062165,-24.9852528506098,1119.31568000085
537,-19.1778549812521,166.161086317319,1788.02923733882
538,30.8576051413247,94.4692142410775,2350.28505598125
539,43.4264298217572,-177.354482002975,3510.53655365809
540,3.60944413026962,64.8139105656499,1876.40208091608
541,-27.4117191700455,74.142271529598,1749.67390280688
542,-63.0004943102971,52.2463631786577,2984.73975989938
543,15.4965721016631,18.8315440227828,1871.64186323098
544,-42.8138428089947,-101.480857278019,3443.3094042315
545,-81.9982633899171,98.0518369006953,1866.04804952595
546,45.8879881016123,-97.9098035038379,1992.41794849084
547,-46.2986355922269,-46.4887011695741,1949.72261766178
548,-10.3675836596502,140.73437556925,917.875098992067
549,33.8032953216193,128.295686782174,342.208929636229
550,-25.3389221276651,-35.1239220671601,269.533254435626
551,42.5412133742163,-65.5131177011754,3553.56373921831
552,-18.9526544498226,39.1087550285962,932.670742678639
553,33.0148560542361,147.670281610013,3446.38303993747
554,36.7285374601679,147.275347608318,2846.94037203168
555,-10.3850255909933,32.9739872066776,3491.25197217142
556,-86.4760277604026,-60.2742933592016,3752.00802767852
557,-30.4455815614672,127.102906515571,558.757114190002
558,-13.6242905700353,-20.7367585051806,1575.60057940401
559,-41.3513237822282,145.56797215846,3922.25131886022
560,-54.530316342818,-168.055413857234,2579.1761039415
561,57.9098132930358,11.6735337000477,3585.63911781574
562,-12.614146311012,77.9390447415774,1928.92162174719
563,69.7987717661437,-115.451336224156,56.372300756093
564,-19.5870608169906,-58.8481467116175,2491.52137773918
565,48.4405897298932,-112.423338512904,924.381452444539
566,-18.577526937549,-64.1062140541474,2109.73585110654
567,55.5325372597221,-34.6115839571256,2899.96784542896
568,45.913877821275,17.4838679485069,2429.66316457974
569,-22.0688019296815,-162.454106598384,2353.465783181
570,-51.116595126949,18.9835679444193,1733.73936013223
571,52.2732992340444,-81.0678942584998,976.6915740281
572,80.8747041329634,-93.0593729757196,1715.84141511203
573,-31.0382218664631,-92.4677354136418,40.7098220871083
574,30.8275866813132,-124.502598298773,2435.28579617744
575,-11.043903134348,164.309889962889,3831.90075278943
576,60.0301072060155,156.838095185976,381.786094198402
577,48.3937654373307,114.737197394968,142.362253520591
578,-59.8943618109501,82.1742652162202,3544.94044530301
579,65.156486166373,-116.707777820809,987.765460229986
580,88.1769876536707,-50.2664482647167,35.660225013348
581,2.5962221710268,-112.035609849022,3259.68108579216
582,69.170584162852,-179.568577137584,561.997746195066
583,15.8446899555295,-66.0889750562845,3519.46576113601
584,-62.144577241912,71.86211510294,381.507144362099
585,-54.0246918856586,45.0918648644546,1410.24040499456
586,-16.7481293149968,15.5023831237866,2373.68227114997
587,44.7670292788245,-21.9466067804391,2340.72655391437
588,58.605086841508,-76.5261837062846,2670.72705673801
589,52.1933453900155,0.597278428808494,2592.10846022282
590,-32.6656358281814,94.1566268410729,1733.47626935437
591,6.13154292673075,94.466897563937,559.03503639703
592,-73.8088778212954,27.3801245387605,3007.71803190034
593,-69.8929660452234,89.1586215510179,967.147174348874
594,-65.4673411911062,52.3924221532758,2601.83728991225
595,32.1574148640339,-135.640973403178,3429.49624333787
596,-0.868136563861086,1.583229633396,337.481884180596
597,-55.8521269168356,-54.9859274202119,3888.35664685137
598,-0.898951501760251,-146.826833470162,125.839742236463
599,-63.430520044196,-126.774191508293,3341.61820177943
600,-80.1046535568861,-108.658907616095,3342.85339268344
601,63.1282813720213,62.0172854846743,199.430005382372
602,10.9007149238793,-24.6559741553193,2183.54483556332
603,77.3295960161994,69.9854074864396,3772.67935862192
604,35.400096099941,-87.5575572227468,1285.89227947996
605,14.9023737316512,-176.486886041343,3225.86721517333
606,56.7714980659358,11.6219055819199,2405.59502101124
607,68.222502827492,-79.4188925089327,3158.48186049215
608,88.004090894326,160.642855267174,3196.74014017726
609,-89.9059724357499,146.319575943601,198.259062312844
610,65.7789463823444,-38.6335526493199,1132.79453536378
611,20.2619645071198,-171.052115815846,2613.82729591986
612,88.1910370275895,61.7172467660855,1958.62138131388
613,4.98241248091962,121.38142873574,3891.40894804321
614,-3.68579066216063,169.739869792055,2993.95963990833
615,54.2425689939514,-159.504161243311,2271.36459895523
616,-48.9882715729125,-17.8834274159569,1195.85665382879
617,-0.34302758464986,29.6893086250633,1024.43912424735
618,72.1534479357609,67.1896132186692,3546.25517764619
619,13.4390194434338,78.9957909345594,1787.2034511312
620,62.1320733097266,54.0146706931407,3263.94901318483
621,42.9552525591723,81.6892383285547,393.349206978551
622,15.4776664487656,-45.4148402976066,3438.37381390109
623,-45.5877853225245,29.3695499566317,110.5160326447
624,29.9549191175042,-138.197335399416,3596.62573702546
625,-74.9730935515279,-159.244429962646,3599.7420021047
626,22.672761330885,172.715480631355,2096.42403846945
627,28.9700204305216,-77.4634583301776,480.798050588539
628,41.3553339570998,34.1907475714547,711.176367289116
629,70.335380938558,166.377971164054,2824.43037803446
630,86.8145801190491,-113.119825172912,3325.4390255482
631,48.4252353604613,-110.50566624827,139.335282270916
632,14.6603678175716,-57.008122327749,3031.35484154373
633,77.0963512165538,155.843242494509,3828.44871200466
634,14.4162658365195,-39.3596868176654,1371.48205998739
635,-86.943071099293,-81.6419851200132,2552.97483769882
636,-68.2452772022595,-125.299051255136,1372.0232478813
637,65.2879293659405,-37.0408166123574,865.885584730163
638,-2.82662798182156,-45.0999118975527,3144.80250812218
639,62.0740214237274,-132.798705464518,2892.35983818189
640,-52.3070848762317,-23.3853415575743,1115.35561914983
641,9.41244147697951,-147.05525980346,2329.72571481792
642,23.3790093115958,41.2657048846605,1684.02312547312
643,-84.241617162738,-176.047526775308,368.274827017471
644,20.6484154410853,26.373737974814,96.1093000269941
645,-24.7659367908505,104.302748889274,1964.58321604546
646,-81.084135772429,-95.267961665687,1113.06808060752
647,-1.87740194808208,-18.7129031529417,1359.02865660426
648,-55.3481287088265,24.9689459825755,1149.3984380603
649,-67.8449254417299,-157.895480775295,683.612940997913
650,-53.0110492366176,-1.33600116964146,1597.05325712572
651,-63.6273160893198,51.2334844507075,2790.59827383159
652,-55.9670085949295,-100.344337154242,814.70574851606
653,-82.3225660359942,121.340320391477,2665.30595395804
654,24.3356250347788,169.587083319305,1772.26435763309
655,-39.2639659415226,124.694239569542,1733.18106230279
656,6.94740204816127,2.15980412059739,700.95776957838
657,35.1293470999798,-79.604779987717,772.809247041562
658,-0.159117573133898,88.7821998581525,2465.68532658704
659,6.44419003520039,-94.7050617193667,1076.04243149355
660,-9.86703024671239,164.644301382884,2238.71172646363
661,-67.6921900323474,43.2936129879975,3779.13596701722
662,-1.73568717575674,36.094372382746,2857.88654299579
663,63.5396679613469,-117.862379406839,2716.87862157603
664,67.306933055112,-147.475174268439,3837.52232522834
665,-41.3470201873144,-88.105607048308,3101.33724783595
666,-52.4769554247635,129.085391253316,2430.90786528842
667,11.6963227328762,147.984139223206,3792.0094373334
668,25.2561285292965,71.8681562012745,238.566494341463
669,-14.9347887042805,81.0656478084195,1074.84938097117
670,-52.9244072041962,-97.2410116113013,3946.72017592113
671,80.6279618327704,27.3792442756876,3088.82692837611
672,-75.2271827224093,111.826117802858,1901.41719983118
673,-70.9723032152901,-34.6163873817364,2723.59822221581
674,-64.4325980572803,175.838136191908,1667.73901972569
675,-60.0371206422443,-147.60042660472,1520.59681157272
676,21.7725559083555,-64.4612282468059,853.081556300835
677,13.2677576714157,4.10721797490405,1531.75195653657
678,-80.6259797485435,-158.181708035433,118.671006040415
679,77.6162492294849,81.2476524765038,1889.28426033629
680,41.1591027020888,20.3600694823171,1333.49074737515
681,42.8114976835662,10.5695648932524,3903.37921643996
682,-78.5871898752927,118.79367553195,2221.77415447903
683,64.8793013468817,129.153252265849,3385.21455113429
684,78.1929214130184,104.050412393022,1632.25397760764
685,87.1916962033749,-65.5801006585577,1848.07265509557
686,64.6089870030959,-17.2053166453266,3305.22688338573
687,51.4006180677055,90.8020692179792,3964.81279947498
688,2.40793534576348,-140.449785929753,2095.79059705444
689,-58.0315571089443,-140.492747306195,3701.74755852579
690,-18.2538905875482,-82.8418810664157,2956.0874460877
691,-65.8923748221652,8.86944434267193,2269.72022468768
692,-84.4398812259087,170.154387711899,3875.11065177163
693,79.0455070925186,75.747126700141,3297.99767927569
694,-35.7649083744494,-67.7304197468882,3838.43711599154
695,-36.8039097944358,-75.0754340468181,2585.38426177609
696,-30.0714692694884,126.128641454864,1518.29394176116
697,-5.92772633480656,148.193072642827,1906.29872352132
698,26.6757131639083,50.1394130193829,3647.55925000288
699,-85.4589273312535,-88.0666927400004,59.4154230714938
700,61.5971902354802,-148.080297588378,626.77538893585
701,10.6258580979651,121.772011513401,1886.27150611939
702,63.7379908692198,30.4987029347953,2171.96677938103
703,-27.381745021093,161.319144742568,238.764129543233
704,-9.7152033500815,-158.029585490697,2632.12122251233
705,-80.2368928005967,30.4708692078398,3558.54121351617
706,-58.1206439179604,-77.3610891628889,438.530424460847
707,29.3054511529754,117.983582441375,1751.09245687245
708,-30.4507808634052,-111.244881348937,1120.9203584293
709,71.7275048101739,-20.6892136069619,3940.98524980481
710,-68.7320642795921,-38.3718577076725,2435.03482933761
711,87.9152271812965,117.566632455395,1014.99682767379
712,7.19677782682724,63.6735936378308,530.45890739345
713,37.2451354780973,-105.262907623207,2180.01956487369
714,89.9084916175868,-65.4822985859053,3311.21572588369
715,-38.1871179332753,-131.828045271795,3348.0250840913
716,-15.3859429992405,61.726640212091,3333.39458813769
717,-6.32881050747528,25.5567871664661,814.861737175665
718,47.5122741285522,-118.883856230464,2177.67079699509
719,57.2767270033808,-126.843920225375,3499.77088616939
720,-71.9601227648115,-8.61130142371573,484.000344678669
721,-57.938948300382,146.916869942502,3425.40307414906
722,-25.2657155732255,18.7830096177005,3599.10407584931
723,-79.7931559677076,-168.141638610044,871.460495745882
724,3.93942125903027,-160.6093464832,307.916339739568
725,-29.5471845581536,109.822762281205,1896.86064192749
726,-58.3795746583811,-17.5050523067586,3340.10986293865
727,-52.3895986812356,-42.2473573584149,1877.57400816734
728,72.9276406208035,104.271733328289,1655.07975699798
729,31.5704119205244,-48.8567269800742,2010.98505539999
730,-5.67572401728047,11.6459765996077,501.759839998621
731,74.1838453631321,76.1964141532559,529.141301711755
732,-71.2779165397119,133.731546478505,3481.90146056434
733,44.1982932663091,-61.6717397979976,2411.80072520755
734,42.5281420073949,54.0424891431998,1061.2069042152
735,11.1350565506947,170.941013280993,3459.21032022774
736,-56.8450624472052,-152.651749934111,232.437832895902
737,17.4980430608139,31.3269001497978,1831.01554040834
738,-36.011341783838,-31.0008608015904,2888.83857639807
739,-65.8578720908372,-68.7108864721439,1355.99660638432
740,-51.7317239954083,-85.0197450503537,1604.87942770525
741,71.0895015793466,93.1558554288734,2107.91900877931
742,-77.138493698332,178.277753206711,3576.94285785806
743,-46.3524193913905,-112.834280109107,3113.44263325324
744,-80.3242094024315,101.212296672515,277.47041067601
745,-10.4900297284037,-109.512726830376,1115.13811448418
746,-87.6090239158946,177.249230344774,1517.47933874426
747,71.494443175243,108.814165115144,3458.69018553215
748,-54.6015255538262,-27.2783844348098,1679.8414776428
749,-73.1933069840833,82.3909924984946,959.509893967533
750,-34.6739580741744,-0.592710291521399,2390.61806565471
751,-7.90961996812653,111.236496191656,1917.61761440797
752,-71.6995091475441,-51.6567839468234,3594.19000734081
753,89.1701509779165,-153.632363583669,3738.83695165524
754,-30.2232899785502,32.7569238989458,3271.54733524447
755,-36.4775731401741,147.667619062131,2835.63591560728
756,-78.8318601624661,-110.24426298002,2972.88228161803
757,-36.3160850602025,-24.3475950476169,3598.8391300662
758,-81.6567723183275,89.6975024644833,260.959219358768
759,0.977065642386535,-165.89358480687,1343.64468538344
760,47.0566596042204,160.676996329974,17.3402904351931
761,23.5925998584468,94.922396518954,3312.38241259754
762,-73.8195028603035,21.1753981834417,2029.7415092127
763,-75.4447638365435,-113.816539992321,1464.64974459625
764,49.9032965788098,-0.738426593179099,906.558870577481
765,72.9242539602428,6.42441608425824,2139.32683838759
766,6.07895131806004,177.927483831858,1157.93946555826
767,-70.3522418323575,127.746605912643,273.483589780815
768,58.6455944140077,166.46541829631,339.882982267706
769,-29.1424106156091,64.418763231732,273.357872536008
770,-37.0848504552329,-34.7395000304302,1639.26599660201
771,44.3364169866623,156.592471024099,493.525529237523
772,-88.1394086981886,-7.38556357230664,1772.06637064894
773,-81.27947893442,-96.5550198012779,3595.7589478572
774,30.2249018832523,-37.3355105364808,1414.55600714264
775,18.6242370895385,73.827891040604,480.712478210112
776,4.69844384320102,21.081252441798,2276.44410177483
777,41.347700680181,92.3870523219723,3500.13090546197
778,37.3056273567759,178.373181079893,1394.29990841557
779,50.6478693238699,166.475305571988,167.684019635078
780,-38.1641443894492,12.6241578922165,569.358877553566
781,34.6557575495734,166.993246789817,306.371339505668
782,10.2005702935223,-138.374683494747,2962.10635720355
783,-18.6262573353133,-161.478614437126,1826.100509276
784,-78.9136799302864,-70.4343795708336,2672.99726126212
785,50.4315956684112,28.8690599313765,2796.98430241251
786,-29.2349044706319,11.1472028417813,2285.42884956303
787,19.4158633073302,144.434913355132,2514.77336781777
788,43.4257289103992,14.5981530612879,3511.0557003602
789,-71.1336164447701,-24.4869800915942,2649.40695851216
790,-66.9800916390609,15.360115477083,3501.65444749921
791,8.91721926273563,76.4693300842278,1870.06807535291
792,-2.65870645470731,-173.997103341516,565.344113346659
793,70.2856222531989,108.331517540825,272.537828930354
794,53.8128501863183,-128.696643027435,2856.96962767949
795,42.1813950652746,-7.74918975496925,1231.94411273195
796,-80.7602604997732,-87.5392724953319,2684.65588684625
797,-76.8806461621843,-47.1269920230502,2609.68334168906
798,-74.0650572585503,58.2353688115492,2124.19535338041
799,53.7031555405114,-118.940827156447,2860.42812704922
800,79.7414651227265,-79.6377526419533,2019.24249209233
801,33.0688030335045,-108.640153975018,1951.99743402091
802,-66.2250679715587,-109.774248017666,1991.35323612
803,40.0904171382178,-62.3377265940087,3743.90221329771
804,-70.1363734843772,136.921629736512,1557.1267311861
805,-68.8512866126701,-10.4033285943306,468.580662910305
806,25.3292261338666,-34.5710260184612,961.694215884955
807,-30.8134413437755,-115.476668487559,2739.63397851658
808,27.6861640672393,168.812998613025,3357.01446023838
809,44.8436633586334,-33.3159343910567,3880.57853159214
810,14.9734316618777,124.015462734041,860.678451216134
811,43.2058190378,41.5170349671058,3041.37338567295
812,-47.7311553453772,-44.4200119082146,2336.41139943213
813,42.2923575052894,135.785429761355,1611.80631028497
814,84.7077345155906,102.546873821889,2040.16135103027
815,66.0474525153449,-12.6164580067677,1982.57687634019
816,-74.4777846245707,113.031693655536,2605.47337012685
817,-24.0414090625442,143.439889384843,2974.82457849177
818,-23.5442152205967,-25.4741244786622,1207.81387650893
819,33.3051250790897,-59.6414089360009,358.447740808495
820,17.6294943691,34.7929576002886,3303.86192993698
821,52.085509855543,144.716691134362,1558.34803568677
822,-23.8224746811821,72.7439217694833,3101.21941307536
823,-52.914985289065,-44.1161632544886,717.476381135906
824,-74.4000214688042,84.5841331548052,437.444838871152
825,48.9481050778393,163.477003129637,3620.63335236655
826,-52.9785861363432,15.4127207172784,3505.40401569
827,-20.1111064113957,14.4380996493717,3999.17025777901
828,9.32013575230094,-68.0005297425593,3457.01874422833
829,-48.788414635842,-154.35555410715,147.510089135491
830,25.5493116718537,-114.487031819152,2178.72976802899
831,-2.79353296832753,-146.523986326556,3990.46472873429
832,-62.667805479072,-13.1438708055925,2044.03261698419
833,50.7477539858403,-176.640295670003,3494.04870374289
834,-71.8908619747641,149.409328224884,280.885889346155
835,-37.0680599234469,51.3870260879174,3950.15494731199
836,-47.2728564529957,-179.489139047135,3690.85371818683
837,5.55700626502711,-169.06130190183,2257.04367839911
838,-73.5302283589058,-104.950719610085,1725.84821469738
839,-17.0432244214936,-16.212187799245,1351.37826102597
840,-71.1276755191638,-134.184228002952,2882.89371138901
841,-69.7888868119152,-176.886832363887,54.6222666533405
842,51.1970203339043,81.7486564134698,1496.2407711033
843,-37.5173427767524,-52.5180722196289,3690.74088156867
844,18.6360189751596,100.960540594569,2185.91859211709
845,83.5960800988622,-22.8036090112952,1895.5474790085
846,-12.152701085335,-22.8402783459834,1986.14927376078
847,35.0553950312292,-162.283255071665,1235.88432487757
848,46.4578695521017,-162.13251545302,3803.35023536363
849,-12.1243812935219,-147.203936851301,3927.97312349208
850,27.9896471646367,33.8533313198836,2054.25241417031
851,-70.2440908698507,-93.209740139152,3970.35927388829
852,78.0767727093598,122.892876709972,1823.374808261
853,-56.2570548440964,128.596595072618,1704.16352356839
854,-42.087808996625,166.900392342488,852.859115191644
855,53.6094468380875,-3.99607698218259,772.997921717101
856,-2.23132042189374,-100.688363795292,3331.01698388133
857,48.4124875305965,-98.5648892971371,2906.54839841984
858,-18.7187858607825,13.2436096246173,2118.9827756231
859,-40.8710170577357,94.3594953160131,3316.32294999732
860,-83.297765867341,-54.8758258384467,2047.49772535301
861,31.1930845395576,-13.9565666190603,2207.84738501819
862,-12.6783973346665,50.1565543917683,853.139576063585
863,-8.6869377171476,150.240974712064,2351.28250529092
864,19.7742904722389,-121.833873399481,571.052901392562
865,-79.3074065655101,77.6287455002904,208.894111300602
866,-33.1539410990041,27.9859954292673,2733.23166122374
867,49.0899835553282,-24.0123682047172,2434.23791364771
868,35.3579380210971,138.327401747194,878.623739124643
869,-67.4402074003476,-38.5013680643114,1625.11976920538
870,-66.5727389299038,-115.568945054016,2519.63177904992
871,-73.3765790305437,48.0000889152438,2221.23049890181
872,-88.5923471575197,44.6401995524438,510.316248153051
873,-13.84031067045,-61.9410250896304,676.793326622455
874,28.0031714888246,109.067513744965,3.99767246701366
875,40.1260544445644,179.812029108921,1672.64988478849
876,5.61767284483898,173.152137935573,1953.94271550578
877,-70.4127711108518,-134.266700809851,639.475372609881
878,23.717947235128,-96.3935474537546,2667.35430889503
879,-67.2300242407255,-171.492312003039,71.681476205022
880,-65.8254052235566,38.6757397446679,478.701426076968
881,-72.2530633120204,-140.108644336626,3808.50123551197
882,-64.4350952822529,-33.3145771637764,3903.41588372877
883,-59.714766271525,138.267650398306,123.658154673623
884,-54.675193993748,17.3277998915715,1975.52737501375
885,-32.8536404731016,-47.1588923838178,3450.88851255532
886,-33.0427801536676,-104.995446187195,971.50466517244
887,-50.8386043038923,-21.2604204512435,3337.0806548752
888,-44.8124677171675,164.230614783316,3254.36476961147
889,70.7260329514759,-135.350670006704,2515.89241630252
890,36.5801804201324,-10.5252314878956,8.95279424333317
891,10.0328296894896,128.48267800159,1518.89575890774
892,-56.8019398036224,-164.379430235897,3617.62278596974
893,-51.8344483441823,68.98505227247,2721.40666025874
894,-76.0775745397182,172.434768003014,1515.29252290468
895,74.4840739403222,-78.0235565428307,2527.81884280934
896,37.2087391854475,-131.839020002008,973.07808988236
897,10.4020140158777,66.7006863885674,2285.65228641559
898,-33.5827818114136,147.403640069782,3926.91509510569
899,-60.0833586776129,39.9128336579676,3398.72807562207
900,22.0495066703811,143.99380671583,1133.77674275624
901,87.8282522914492,-110.363849301927,2729.83065780087
902,-59.322235849761,91.59284933577,1432.498123928
903,-43.5973948970377,-55.346142000681,3947.7070798474
904,-18.5761226460341,-29.2948508510233,335.945183024755
905,-76.6809414761512,-123.940861072239,1001.2235454468
906,33.1372920531616,114.840210213663,3245.38646126002
907,-17.5701001146909,44.9724700246598,337.692415512342
908,86.9103362509112,85.8817517798332,2125.01585496743
909,-17.6068826599528,109.840471454503,3202.4919165918
910,21.7209504959241,-155.799843277256,2955.29296768425
911,-62.213435013731,162.284513942004,566.651921209836
912,-21.3578631999951,-0.872276032022171,1751.57703162009
913,-60.995885067115,91.8525256921879,1401.52148965388
914,46.4602376389354,87.265825443699,1913.98998879076
915,66.8000019447701,119.206647255641,2349.61360049638
916,-26.8601859205393,-123.659335169927,583.222780878085
917,33.3964275745567,-15.3688606014929,3621.32242897746
918,-37.0532459217871,42.5161785939771,2560.77699332889
919,5.5132746942394,155.586007816938,651.758285762679
920,59.8362095313331,120.631764801366,2263.64236400663
921,17.5482345370643,142.352465883246,3726.46454790878
922,-29.6439604730557,29.7066688804908,3132.40753473852
923,-36.1394958000408,29.7888502902449,2742.74854791595
924,-8.53334251752167,127.773338029184,1864.87713993097
925,-13.9237824203168,-167.448347982745,1041.27238266612
926,-25.2708627649976,138.751234374529,2277.07268430808
927,10.4974559764735,-33.2169079118466,995.082651552307
928,43.658165826349,-166.90246903878,1277.20636608359
929,-13.6197389473757,88.6132593855793,3643.20892886776
930,-12.7159580562831,-124.261642529602,3540.88016397764
931,-67.5229034304337,-128.193001677048,3178.35769666341
932,-85.6018771109327,38.1452591965489,3703.23922866751
933,-37.7666522764691,-88.3868961415073,715.359803103512
934,-32.8462950781393,-63.3044861979041,2070.16459294586
935,27.6642241139655,-35.3552695750805,2508.02126563724
936,82.2484663327231,-33.7056042955942,3652.72938360362
937,78.4315571012785,-40.9711901180715,2655.87301535523
938,-7.58045990621397,39.5286565816637,1556.77129197045
939,-46.7138885702248,-119.919339840152,2960.03032566461
940,47.5016299715661,-112.286853649711,3270.53943883492
941,46.6789289635973,-145.93360684962,2401.37917270597
942,43.3166516961506,-63.6529418059448,339.988258010811
943,43.8639014677187,97.0548945380406,3689.43200436022
944,-70.9343249881022,-95.7175191147605,214.391261266233
945,32.6808774846568,86.5315690647344,2108.09981070946
946,-6.61309585313055,69.4146289794225,475.413106478991
947,-51.8106230541118,116.668156811897,1520.57196096402
948,-72.2666272161405,118.071917690215,3251.33013206044
949,58.2434053070109,-74.3875437569789,976.38366228676
950,-58.4982472712257,-68.6270727278104,3537.6906363743
951,-60.5574162387012,8.29072743911749,2850.5871790366
952,29.8776989539999,-62.8923627020066,1512.59375232857
953,70.9900875637637,119.463303774985,995.678443983733
954,2.98047750322867,111.706124667783,1011.41498095709
955,36.4864152510856,20.5193740602992,3068.97437810774
956,-62.353732208508,-85.3329478571434,199.447540188961
957,81.6222725795246,65.0038328296021,2741.15427043564
958,7.35913462346576,-95.8848676407414,2481.11248860401
959,32.3521016778841,-15.6868687392797,2986.7385198749
960,-83.4186567512785,-41.5559179758514,3909.02259338268
961,55.6566932328828,13.8965179312879,1535.65405064246
962,44.7513969197155,177.013339546304,1040.82240925489
963,-68.3663367623255,91.8793446040189,3509.8781440565
964,4.50812965726958,172.963745794935,3224.38393404259
965,-31.3499468226152,-95.4782493613748,1844.4843191188
966,8.36089918255233,10.2812718789594,363.846751696885
967,-18.2014645710242,-161.483020715913,2257.07530109279
968,-15.2831904096516,92.475169554464,749.531556594427
969,-57.467203154137,36.7127158591837,2126.75834357893
970,-44.0303867121509,128.580735283995,1420.13328709353
971,-86.3035605615268,175.779770132921,1259.13401902198
972,76.2616102716733,154.614410073222,2906.96587537077
973,27.6659800214855,-32.5746239620265,2063.09143253415
974,77.8704429687415,-179.87707360147,3162.57959164991
975,-60.5677736650454,14.7161961946956,817.970325435826
976,75.7975060605955,-105.216976081419,2712.42431023918
977,53.0384193699756,-101.057908254325,209.942170552095
978,13.9309554071968,-62.7097454156801,3204.68944945
979,-10.7935927631544,-145.45821002127,2714.27455527726
980,-43.6295273917612,89.1121182257891,3784.03578033625
981,45.350350896141,89.4632246615851,366.23257149932
982,-48.8394932210097,15.5877959106392,3633.75348231271
983,-78.4463242694582,-58.2723660513409,2039.81214821282
984,48.1193119397834,119.64011818339,2459.61426056022
985,30.8163933641764,18.9259840893447,1264.28480354384
986,38.7382526614512,164.715522106327,309.949926061687
987,25.5709491180934,141.419994954481,3402.45626401483
988,-14.5713071475211,-51.6586978342784,578.107627794048
989,-19.6628252032486,16.7046814770794,1481.94317061605
990,56.9052185175581,-55.1945695482183,2489.565732325
991,-32.8629845419471,44.2090046372869,3990.20760972548
992,56.6171591221172,106.784886711023,2069.37653298277
993,52.0332326890125,88.514964554634,3962.04486060126
994,63.4075002618922,-134.806956712265,906.137850223355
995,1.0145911629161,116.061842433247,1592.02074568086
996,24.4190499950478,-170.945819485739,2786.27475804656
997,81.1609947680643,-30.8056028673486,258.563037814091
998,-10.0864520966141,83.3066884702574,2990.64632951345
999,-79.1966124396943,101.294640099347,1681.60172493125
1000,66.0149814598774,-47.7770705527072,3245.26968095209
